{
  "project_info": {
    "project_number": "225488487439",
    "firebase_url": "https://canteen-app-a1f03.firebaseio.com",
    "project_id": "canteen-app-a1f03",
    "storage_bucket": "canteen-app-a1f03.appspot.com"
  },
  "client": [
    {
      "client_info": {
        "mobilesdk_app_id": "1:225488487439:android:a32a558397b41c68c74f7a",
        "android_client_info": {
          "package_name": "com.example.canteenapp"
        }
      },
      "oauth_client": [
        {
          "client_id": "225488487439-fshd9s1qa1ccqs3d208a0qs2vkialpfc.apps.googleusercontent.com",
          "client_type": 1,
          "android_info": {
            "package_name": "com.example.canteenapp",
            "certificate_hash": "0bd2ec54230b5645d82d608e5c36dfe6c8027ed7"
          }
        },
        {
          "client_id": "225488487439-l6jmkd8j52ul75nn1uabsjghpith1cat.apps.googleusercontent.com",
          "client_type": 3
        }
      ],
      "api_key": [
        {
          "current_key": "AIzaSyBMkLo7_Dc8Yox7YYb8WHjPoeMj3Zali8Q"
        }
      ],
      "services": {
        "appinvite_service": {
          "other_platform_oauth_client": [
            {
              "client_id": "225488487439-l6jmkd8j52ul75nn1uabsjghpith1cat.apps.googleusercontent.com",
              "client_type": 3
            }
          ]
        }
      }
    }
  ],
  "configuration_version": "1"
}